Tier,HRName,HREmail,HRDepartment,HRId,EntraUPN,EntraDisplayName,EntraDepartment,EntraEmployeeId,EntraEnabled,Action
0 - CONFLICT,Employee 001,employee1@example.onmicrosoft.com,Human Resources,6,employee1@example.onmicrosoft.com,Employee 001,IT,3,TRUE,Email matches but Entra employeeId is '3' while HR says '6'. DO NOT SYNC until resolved.
0 - CONFLICT,Employee 002,employee2@example.onmicrosoft.com,Operations,10,employee2@example.onmicrosoft.com,Employee 002,HR,333,TRUE,Email matches but Entra employeeId is '333' while HR says '10'. DO NOT SYNC until resolved.
0 - CONFLICT,Employee 003,employee3@example.onmicrosoft.com,Human Resources,5,employee3@dan.onmicrosoft.com,Employee 003,Finance,WE11,TRUE,Local part matches but Entra employeeId is 'WE11' while HR says '5'. DO NOT SYNC until resolved.
2 - email exact,Employee 004,employee4@example.onmicrosoft.com,Operations,9,employee4@example.onmicrosoft.com,Employee 004,Operations,,TRUE,Safe to seed employeeId automatically.
2 - email exact,Employee 005,employee5@example.onmicrosoft.com,Human Resources,4,employee5@example.onmicrosoft.com,Employee 005,IT,,TRUE,Safe to seed employeeId automatically.
2b - email local part,Employee 006,James.t@efficientoffice.com,Marketing,18,James.t@example.site,Employee 006,Sales,,TRUE,"Same local part, different domain. Verify before seeding."
3 - name + dept,Employee 007,madison@efficientoffice.com,Marketing,89,Sage@WayneEnterprise067.onmicrosoft.com,Employee 007,Marketing,,FALSE,HUMAN REVIEW required.
5 - no match,Jenny Sanders,,Human Resources,116,,,,,,"No directory account found. New hire, or no account needed."
5 - no match,Gale Sachevich,gale@efficientoffice.com,Finance,55,,,,,,"No directory account found. New hire, or no account needed."
5 - no match,Michael Romney,michaelr@efficientoffice.com,Human Resources,102,,,,,,"No directory account found. New hire, or no account needed."
5 - no match,Susan Roberts,susan@efficientoffice.com,Customer Success,66,,,,,,"No directory account found. New hire, or no account needed."
5 - no match,Liam Raynott,liam@efficientoffice.com,Product,57,,,,,,"No directory account found. New hire, or no account needed."
5 - no match,Paige Rasmussen,paige@efficientoffice.com,Product,39,,,,,,"No directory account found. New hire, or no account needed."
5 - no match,Warren Poole,warren@efficientoffice.com,Human Resources,59,,,,,,"No directory account found. New hire, or no account needed."
5 - no match,Karin Petty,karin@efficientoffice.com,Sales,69,,,,,,"No directory account found. New hire, or no account needed."
5 - no match,Norma Reed,norma@efficientoffice.com,Product,105,,,,,,"No directory account found. New hire, or no account needed."
5 - no match,Shannon Anderson,sanderson@efficientoffice.com,Human Resources,7,,,,,,"No directory account found. New hire, or no account needed."
5 - no match,Howard Smith,howard@efficientoffice.com,Product,67,,,,,,"No directory account found. New hire, or no account needed."
5 - no match,Graham Thaxton,grahamthaxton@efficientoffice.com,Sales,111,,,,,,"No directory account found. New hire, or no account needed."
5 - no match,Jeff Tobler,jeff@efficientoffice.com,IT,80,,,,,,"No directory account found. New hire, or no account needed."
5 - no match,Kellie Turner,kellie@efficientoffice.com,Marketing,73,,,,,,"No directory account found. New hire, or no account needed."
5 - no match,Daniel Vance,dvance@efficientoffice.com,Sales,11,,,,,,"No directory account found. New hire, or no account needed."
5 - no match,Naomi Vera,Ninv50@outlook.com,Operations,8,,,,,,"No directory account found. New hire, or no account needed."
5 - no match,Tiffany Vincent,tiffany@efficientoffice.com,Marketing,58,,,,,,"No directory account found. New hire, or no account needed."
5 - no match,Philip Wagener,philip@efficientoffice.com,IT,25,,,,,,"No directory account found. New hire, or no account needed."
5 - no match,Nate Walker,nate@efficientoffice.com,Sales,52,,,,,,"No directory account found. New hire, or no account needed."
5 - no match,Trent Walsh,twalsh@efficientoffice.com,Marketing,15,,,,,,"No directory account found. New hire, or no account needed."
5 - no match,Will Woodward,will@efficientoffice.com,Operations,91,,,,,,"No directory account found. New hire, or no account needed."
5 - no match,Lewis Shelton,lewis@efficientoffice.com,Human Resources,63,,,,,,"No directory account found. New hire, or no account needed."
5 - no match,Ben Peterson,bpeterson@efficientoffice.com,,120,,,,,,"No directory account found. New hire, or no account needed."
5 - no match,Maja Pandev,mpandev@efficientoffice.com,Product,14,,,,,,"No directory account found. New hire, or no account needed."
5 - no match,Zack Miller,zack@efficientoffice.com,Sales,24,,,,,,"No directory account found. New hire, or no account needed."
5 - no match,Omar Baldwin,omar@efficientoffice.com,Customer Success,70,,,,,,"No directory account found. New hire, or no account needed."
5 - no match,Cheryl Barnet,cbarnet@efficientoffice.com,Customer Success,13,,,,,,"No directory account found. New hire, or no account needed."
5 - no match,Chad Burdette,chad@efficientoffice.com,Sales,97,,,,,,"No directory account found. New hire, or no account needed."
5 - no match,Maria Carr,maria@efficientoffice.com,,45,,,,,,"No directory account found. New hire, or no account needed."
5 - no match,Dallon Christensen,dallon@efficientoffice.com,Operations,77,,,,,,"No directory account found. New hire, or no account needed."
5 - no match,Shelly Cluff,scluff@efficientoffice.com,Operations,19,,,,,,"No directory account found. New hire, or no account needed."
5 - no match,Antonio Cruz,antonio@efficientoffice.com,Marketing,68,,,,,,"No directory account found. New hire, or no account needed."
5 - no match,Anthony Diaz,anthonyd@efficientoffice.com,Product,101,,,,,,"No directory account found. New hire, or no account needed."
5 - no match,Nelson Elliott,nelson@efficientoffice.com,Customer Success,72,,,,,,"No directory account found. New hire, or no account needed."
5 - no match,Michael Fernandez,michaelf@efficientoffice.com,Sales,99,,,,,,"No directory account found. New hire, or no account needed."
5 - no match,Clark Fuller,clark@efficientoffice.com,Operations,53,,,,,,"No directory account found. New hire, or no account needed."
5 - no match,Haleigh Girard,haleigh@efficientoffice.com,Product,78,,,,,,"No directory account found. New hire, or no account needed."
5 - no match,Dwight Goodman,dwight@efficientoffice.com,Human Resources,61,,,,,,"No directory account found. New hire, or no account needed."
5 - no match,Amy Granger,amy@efficientoffice.com,Customer Success,26,,,,,,"No directory account found. New hire, or no account needed."
5 - no match,Andy Graves,andy@efficientoffice.com,Customer Success,28,,,,,,"No directory account found. New hire, or no account needed."
5 - no match,Janice Hall,Janice@efficientoffice.com,Product,112,,,,,,"No directory account found. New hire, or no account needed."
5 - no match,Marie Hamm,marie@efficientoffice.com,Product,44,,,,,,"No directory account found. New hire, or no account needed."
5 - no match,Michelle Hannon,michelle@efficientoffice.com,Sales,81,,,,,,"No directory account found. New hire, or no account needed."
5 - no match,Sally Harmon,sally@efficientoffice.com,Operations,31,,,,,,"No directory account found. New hire, or no account needed."
5 - no match,Holly Hartley,holly@efficientoffice.com,Product,107,,,,,,"No directory account found. New hire, or no account needed."
5 - no match,Ellen Karren,ellen@efficientoffice.com,Customer Success,95,,,,,,"No directory account found. New hire, or no account needed."
5 - no match,Leslie Kay,leslie@efficientoffice.com,,86,,,,,,"No directory account found. New hire, or no account needed."
5 - no match,Richard Lazaro,Rlazaro@efficienctoffice.com,Customer Success,115,,,,,,"No directory account found. New hire, or no account needed."
5 - no match,Eric Pasture,epasture@efficientoffice.com,IT,12,,,,,,"No directory account found. New hire, or no account needed."
5 - no match,Yun Xu,yun@efficientoffice.com,Sales,96,,,,,,"No directory account found. New hire, or no account needed."
